{
    "name": "AliyunMqttArduino",
    "version": "0.2.0",
    "keywords": "aliyun, mqtt, pubsub, iot",
    "description": "A simple Aliyun MQTT connection library for Arduino",
    "license": "MIT",
    "homepage": "https://github.com/legenddcr/aliyun-mqtt-arduino",
    "repository": {
        "type": "git",
        "url": "https://github.com/legenddcr/aliyun-mqtt-arduino.git"
    },
    "authors": {
        "name": "Chengrui Deng",
        "email": "legenddcr@gmail.com"
    },
    "dependencies": [
        {
            "name": "Crypto",
            "version": "^0.2.0"
        },
        {
            "name": "PubSubClient",
            "version": "^2.7"
        }
    ],
    "frameworks": "arduino",
    "platforms": [
        "atmelavr",
        "espressif8266"
    ]
}
